"nummer";"stg";"aaspf_echt";"abschluss";"fachrich";"fachriche";"stgart";"name";"teilzeit";"rsem_vz";"rsem_tz";"rsem_dual";"wie";"pvers_vz";"pvers_tz";"pvers_dual";"ects_vz";"ects_tz";"ects_dual";"titelkz_m_vz";"titelkz_m_tz";"titelkz_m_dual";"titelkz_w_vz";"titelkz_w_tz";"titelkz_w_dual";"praxis_vz";"praxis_tz";"praxis_dual";"statdat";"zuordnung";"berufsbegleitend";"sem";"erst_sem";"hoeheres_sem";"start_1";"end_1";"start_h";"end_h";"vorpraxis";"akkreditiert_von";"akkreditiert_bis";"akkreditiert_agentur";"anz_sp_vz";"anz_sp_tz";"anz_sp_dual";"studienrichtung_vz";"studienrichtung_tz";"studienrichtung_dual";"schwerpunkt_vz";"schwerpunkt_tz";"schwerpunkt_dual";"po_url_vz";"po_url_tz";"po_url_dual"
"06";"AO";"B";"Bachelor";"Augenoptik/Optometrie";"Ophthalmic Optics and Optometry";"184";"Erststudium Bachelor an Fachhochschulen";"3";"7";"0";"7";"Vollzeit / Dual";"214B";"-";"214B";"210";"0";"210";"B.Sc.";"";"B.Sc.";"B.Sc.";"";"B.Sc.";"---~0~|---~0~|Praxissemester~6~";"";"---~0~|---~0~|Praxissemester~6~";"IW";"T";"N";"220";"Falsch";"Wahr";"";"";"15.11.2020";"15.01.2021";"";"";"";"";"0";"0";"0";"";"";"";"";"";"";"https://w3-mediapool.hm.edu/media/dachmarke/dm_transfer/download_13/spo_6/spo_versionen/06_AOB_214_SPO.pdf";"";"https://w3-mediapool.hm.edu/media/dachmarke/dm_transfer/download_13/spo_6/spo_versionen/06_AOB_214_SPO.pdf"
"01";"AR";"B";"Bachelor";"Architektur";"Architecture";"184";"Erststudium Bachelor an Fachhochschulen";"1";"6";"0";"6";"Vollzeit / Dual";"219B";"-";"219B";"180";"0";"180";"B.A.";"";"B.A.";"B.A.";"";"B.A.";"Vorpraxis~0~8|---~0~|---~0~";"";"Vorpraxis~0~8|---~0~|---~0~";"AD";"T";"N";"220";"Falsch";"Wahr";"";"";"15.11.2020";"15.01.2021";"";"";"";"";"0";"0";"0";"";"";"";"";"";"";"https://w3-mediapool.hm.edu/media/dachmarke/dm_transfer/download_13/spo_6/spo_versionen/01_ARB_219_SPO.pdf";"";"https://w3-mediapool.hm.edu/media/dachmarke/dm_transfer/download_13/spo_6/spo_versionen/01_ARB_219_SPO.pdf"
"01";"AR";"M";"Master";"Architektur";"Architecture";"790";"Konsekutives Masterstudium Master an Fachhochschulen (Abschlussprüfung vorausgesetzt)";"1";"4";"0";"0";"Vollzeit";"219M";"-";"-";"120";"0";"0";"M.A.";"";"";"M.A.";"";"";"---~0~|---~0~|---~0~";"";"";"AD";"T";"N";"220";"Wahr";"Falsch";"15.11.2020";"15.01.2021";"";"";"";"";"";"";"1";"0";"0";"";"";"";"Vertiefung Bauen im Bestand;Vertiefung Gestaltung;Vertiefung Nachhaltige Gebäudeplanung;Vertiefung Städtebau";"";"";"https://w3-mediapool.hm.edu/media/dachmarke/dm_transfer/download_13/spo_6/spo_versionen/01_ARM_219_SPO.pdf";"";""
"09";"AU";"B";"Bachelor";"Wirtschaftsingenieurwesen Automobilindustrie";"Automotive Industry";"184";"Erststudium Bachelor an Fachhochschulen";"1";"7";"0";"7";"Vollzeit / Dual";"218B";"-";"218B";"210";"0";"210";"B.Eng.";"";"B.Eng.";"B.Eng.";"";"B.Eng.";"---~0~|Vorpraxis~0~10|Praxissemester~6~20";"";"---~0~|Vorpraxis~0~10|Praxissemester~6~20";"WW";"T";"N";"220";"Wahr";"Wahr";"01.12.2020";"15.01.2021";"15.11.2020";"15.01.2021";"";"";"";"";"0";"0";"0";"";"";"";"";"";"";"https://w3-mediapool.hm.edu/media/dachmarke/dm_transfer/download_13/spo_6/spo_versionen/09_AUB_218_SPO.pdf";"";"https://w3-mediapool.hm.edu/media/dachmarke/dm_transfer/download_13/spo_6/spo_versionen/09_AUB_218_SPO.pdf"
"13";"AW";"";"";"Allgemeinwissenschaften (Fakultät 13)";"";"";"";"1";"0";"0";"0";"?";"-";"-";"-";"0";"0";"0";"";"";"";"";"";"";"";"";"";"";"";"N";"";"";"";"";"";"";"";"";"";"";"";"0";"0";"0";"";"";"";"";"";"";"";"";""
"02";"BI";"B";"Bachelor";"Bauingenieurwesen";"Civil Engineering";"184";"Erststudium Bachelor an Fachhochschulen";"3";"7";"0";"9";"Vollzeit / Dual";"219B";"-";"319B";"210";"0";"210";"B.Eng.";"";"B.Eng.";"B.Eng.";"";"B.Eng.";"Vorpraxis~4~6|---~0~|Praxissemester~5~16";"";"---~0~|---~0~|Praxissemester~5~16";"IW";"T";"N";"220";"Falsch";"Wahr";"";"";"15.11.2020";"15.01.2021";"";"";"";"";"1";"0";"1";"";"";"";"Allgemeines Bauingenieurwesen ;Stahlbau und Fassade ";"";"Allgemeines Bauingenieurwesen ;Stahlbau und Fassade ";"https://w3-mediapool.hm.edu/media/dachmarke/dm_transfer/download_13/spo_6/spo_versionen/02_BIB_219B_SPO.pdf";"";"https://w3-mediapool.hm.edu/media/dachmarke/dm_transfer/download_13/spo_6/spo_versionen/02_BIB_319B_SPO.pdf"
"02";"BI";"M";"Master";"Allgemeiner Ingenieurbau";"General Civil Engineering";"790";"Konsekutives Masterstudium Master an Fachhochschulen (Abschlussprüfung vorausgesetzt)";"3";"3";"5";"0";"Vollzeit / Teilzeit";"";"212M";"-";"";"90";"0";"";"";"";"";"";"";"";"---~0~|---~0~|---~0~";"";"IW";"T";"N";"";"";"";"";"";"";"";"";"";"";"";"";"1";"0";"";"";"";"";"Ingenieurbau;Stahlbau und Gestaltungstechnik";"";"";"https://w3-mediapool.hm.edu/media/dachmarke/dm_transfer/download_13/spo_6/spo_versionen/02_BIM_212_SPO.pdf";""
"02";"BN";"M";"Master";"Bauingenieurwesen";"Civil Engineering";"790";"Konsekutives Masterstudium Master an Fachhochschulen (Abschlussprüfung vorausgesetzt)";"3";"3";"5";"0";"Vollzeit / Teilzeit";"219M";"319M";"-";"90";"90";"0";"";"";"";"";"";"";"---~0~|---~0~|---~0~";"---~0~|---~0~|---~0~";"";"IW";"T";"N";"220";"Wahr";"Falsch";"15.11.2020";"15.01.2021";"";"";"";"";"";"";"1";"1";"0";"Ingenieurbau ;Stahlbau Leichtbau Glasbau";"Ingenieurbau ;Stahlbau Leichtbau Glasbau";"";"Energie Wasser Umwelt;Konstruktiver Ingenieurbau ";"Energie Wasser Umwelt ;Konstruktiver Ingenieurbau ";"";"https://w3-mediapool.hm.edu/media/dachmarke/dm_transfer/download_13/spo_6/spo_versionen/02_BNM_219M_SPO.pdf";"https://w3-mediapool.hm.edu/media/dachmarke/dm_transfer/download_13/spo_6/spo_versionen/02_BNM_319M_SPO.pdf";""
"06";"BO";"B";"Bachelor";"Bioingenieurwesen";"Bioengineering";"184";"Erststudium Bachelor an Fachhochschulen";"1";"7";"0";"0";"Vollzeit";"216B";"-";"-";"210";"0";"0";"B.Eng.";"";"";"B.Eng.";"";"";"Vorpraxis~0~|---~0~|Praxissemester~5~";"";"";"BW";"T";"N";"220";"Falsch";"Wahr";"";"";"15.11.2020";"15.01.2021";"";"";"";"";"0";"0";"0";"";"";"";"";"";"";"https://w3-mediapool.hm.edu/media/dachmarke/dm_transfer/download_13/spo_6/spo_versionen/06_BOB_216_SPO.pdf";"";""
"06";"BO";"M";"Master";"Biotechnologie/Bioingenieurwesen";"Biotechnology/Bioengineering";"790";"Konsekutives Masterstudium Master an Fachhochschulen (Abschlussprüfung vorausgesetzt)";"1";"3";"0";"0";"Vollzeit";"112M";"-";"-";"0";"0";"0";"";"";"";"";"";"";"---~0~|---~0~|---~0~";"";"";"IW";"T";"N";"";"";"";"";"";"";"";"";"";"";"";"0";"0";"0";"";"";"";"";"";"";"https://w3-mediapool.hm.edu/media/dachmarke/dm_transfer/download_13/spo_6/spo_versionen/06_BOM_112_SPO.pdf";"";""
"10";"BS";"M";"Master";"Betriebliche Steuerlehre";"Taxation";"690";"Weiterbildungsstudium Master an Fachhochschulen (Abschlussprüfung vorausgesetzt)";"1";"4";"0";"0";"Vollzeit";"220M";"-";"-";"120";"0";"0";"";"";"";"";"";"";"---~0~|---~0~|---~0~";"";"";"WW";"W";"N";"";"";"";"";"";"";"";"";"";"";"";"0";"0";"0";"";"";"";"";"";"";"";"";""
"06";"BT";"Z";"";"Bahntechnik - Antrieb, Bremse, Fahrdynamik";"";"694";"Weiterbildungsstudium Abschlusszeugnis/Zertifikat";"2";"0";"2";"0";"Teilzeit";"-";"";"-";"0";"";"0";"";"";"";"";"";"";"";"";"";"IW";"";"B";"";"";"";"";"";"";"";"";"";"";"";"0";"";"0";"";"";"";"";"";"";"";"";""
"10";"BW";"B";"Bachelor";"Betriebswirtschaft";"Business Administration";"184";"Erststudium Bachelor an Fachhochschulen";"3";"7";"0";"7";"Vollzeit / Dual";"220B";"-";"220B";"210";"0";"210";"B.A.";"";"B.A.";"B.A.";"";"B.A.";"---~0~|---~0~|Praxissemester~4~18";"";"---~0~|---~0~|Praxissemester~4~18";"WW";"W";"N";"220";"Wahr";"Wahr";"01.12.2020";"15.01.2021";"15.11.2020";"15.01.2021";"";"";"";"";"2";"0";"2";"";"";"";"Agiles Projektmanagement;Bank-, Finanz- und Risikomanagement I;Bank-, Finanz- und Risikomanagement II;Controlling;Digital Business Transformation;Einkaufs- und Beschaffungsmanagement;Human Resource Management I;Human Resource Management II;International Management I;International Management II;Marketingmanagement I;Marketingmanagement II;Rechnungswesen;Servicemanagement;Steuern I;Steuern II;Supply Chain Innovation;Supply Chain Prozesse;Unternehmen und Recht;Versicherungsmanagement";"";"Agiles Projektmanagement;Bank-, Finanz- und Risikomanagement I;Bank-, Finanz- und Risikomanagement II;Controlling;Digital Business Transformation;Einkaufs- und Beschaffungsmanagement;Human Resource Management I;Human Resource Management II;International Management I;International Management II;Marketingmanagement I;Marketingmanagement II;Rechnungswesen;Servicemanagement;Steuern I;Steuern II;Supply Chain Innovation;Supply Chain Prozesse;Unternehmen und Recht;Versicherungsmanagement";"https://w3-mediapool.hm.edu/media/dachmarke/dm_transfer/download_13/spo_6/spo_versionen/10_BWB_220_SPO.pdf";"";"https://w3-mediapool.hm.edu/media/dachmarke/dm_transfer/download_13/spo_6/spo_versionen/10_BWB_220_SPO.pdf"
"10";"BW";"M";"Master";"Betriebswirtschaft";"Business Administration";"790";"Konsekutives Masterstudium Master an Fachhochschulen (Abschlussprüfung vorausgesetzt)";"1";"3";"0";"3";"Vollzeit / Dual";"220M";"-";"220M";"90";"0";"90";"";"";"";"";"";"";"---~0~|---~0~|---~0~";"";"---~0~|---~0~|---~0~";"WW";"W";"N";"";"";"";"";"";"";"";"";"";"";"";"0";"0";"0";"Applied Business Innovation;Digital Procurement and Supply Management;Digital Technology Management;Finance & Accounting;Human Resource Management;Marketing Management";"";"Applied Business Innovation;Digital Procurement and Supply Management;Digital Technology Management;Finance & Accounting;Human Resource Management;Marketing Management";"";"";"";"https://w3-mediapool.hm.edu/media/dachmarke/dm_transfer/download_13/spo_6/spo_versionen/10_BWM_220_SPO.pdf";"";"https://w3-mediapool.hm.edu/media/dachmarke/dm_transfer/download_13/spo_6/spo_versionen/10_BWM_220_SPO.pdf"
"99";"CE";"Z";"";"Courses in English";"Courses in English";"494";"Ergänzungs-, Erweiterungs- und Zusatzstudium Abschlusszeugnis/Zertifikat";"1";"0";"0";"0";"?";"-";"-";"-";"0";"0";"0";"";"";"";"";"";"";"";"";"";"";"";"N";"";"";"";"";"";"";"";"";"";"";"";"0";"0";"0";"";"";"";"";"";"";"";"";""
"06";"CH";"B";"Bachelor";"Chemische Technik";"Chemical Engineering";"184";"Erststudium Bachelor an Fachhochschulen";"1";"7";"0";"7";"Vollzeit / Dual";"219B";"-";"219B";"210";"0";"210";"B.Eng.";"";"B.Eng.";"B.Eng.";"";"B.Eng.";"---~0~|---~0~|Praxissemester~5~19";"";"---~0~|---~0~|Praxissemester~5~19";"IW";"T";"N";"220";"Falsch";"Wahr";"";"";"15.11.2020";"15.01.2021";"";"";"";"";"0";"0";"0";"";"";"";"";"";"";"https://w3-mediapool.hm.edu/media/dachmarke/dm_transfer/download_13/spo_6/spo_versionen/06_CHB_219_SPO.pdf";"";"https://w3-mediapool.hm.edu/media/dachmarke/dm_transfer/download_13/spo_6/spo_versionen/06_CHB_219_SPO.pdf"
"07";"DC";"B";"Bachelor";"Data Science & Scientific Computing";"Data Science & Scientific Computing";"184";"Erststudium Bachelor an Fachhochschulen";"1";"7";"0";"0";"Vollzeit";"220B";"-";"-";"210";"0";"0";"";"";"";"";"";"";"---~0~|---~0~|Praxissemester~4~";"";"";"IM";"T";"N";"220";"Falsch";"Wahr";"";"";"15.11.2020";"15.01.2021";"";"";"";"";"0";"0";"0";"";"";"";"";"";"";"https://w3-mediapool.hm.edu/media/dachmarke/dm_transfer/download_13/spo_6/spo_versionen/07_DCB_220_SPO.pdf";"";""
"05";"DP";"M";"Master";"Management Digitales Publizieren";"Management Digital Publishing";"690";"Weiterbildungsstudium Master an Fachhochschulen (Abschlussprüfung vorausgesetzt)";"2";"0";"5";"0";"Teilzeit";"-";"";"-";"0";"";"0";"";"";"";"";"";"";"";"";"";"IW";"T";"B";"";"";"";"";"";"";"";"";"";"";"";"0";"";"0";"";"";"";"";"";"";"";"";""
"05";"DR";"B";"Bachelor";"Druck- und Medientechnik";"Print and Media Technology";"184";"Erststudium Bachelor an Fachhochschulen";"1";"7";"0";"7";"Vollzeit / Dual";"119B";"-";"119B";"210";"0";"210";"B.Eng.";"";"B.Eng.";"B.Eng.";"";"B.Eng.";"---~0~|---~0~|Praxissemester~5~20";"";"---~0~|---~0~|Praxissemester~5~20";"IW";"T";"N";"220";"Falsch";"Wahr";"";"";"15.11.2020";"15.01.2021";"";"";"";"";"0";"0";"0";"";"";"";"";"";"";"https://w3-mediapool.hm.edu/media/dachmarke/dm_transfer/download_13/spo_6/spo_versionen/05_DRB_120_SPO.pdf";"";"https://w3-mediapool.hm.edu/media/dachmarke/dm_transfer/download_13/spo_6/spo_versionen/05_DRB_120_SPO.pdf"
"12";"DS";"B";"Bachelor";"Design";"Design";"184";"Erststudium Bachelor an Fachhochschulen";"1";"7";"0";"0";"Vollzeit";"117B";"-";"-";"210";"0";"0";"";"";"";"";"";"";"---~0~|---~0~|Praxissemester~5~18";"";"";"AD";"G";"N";"220";"Falsch";"Wahr";"";"";"15.11.2020";"15.01.2021";"";"";"";"";"0";"0";"0";"Foto Design;Industrie Design;Kommunikationsdesign";"";"";"";"";"";"https://w3-mediapool.hm.edu/media/dachmarke/dm_transfer/download_13/spo_6/spo_versionen/12_DSB_217_SPO.pdf";"";""
"12";"DS";"M";"Master";"Advanced Design";"Advanced Design";"790";"Konsekutives Masterstudium Master an Fachhochschulen (Abschlussprüfung vorausgesetzt)";"1";"3";"0";"0";"Vollzeit";"112M";"-";"-";"90";"0";"0";"M.A.";"";"";"M.A.";"";"";"---~0~|---~0~|---~0~";"";"";"AD";"G";"N";"220";"Wahr";"Falsch";"15.11.2020";"15.01.2021";"";"";"";"";"";"";"0";"0";"0";"";"";"";"";"";"";"https://w3-mediapool.hm.edu/media/dachmarke/dm_transfer/download_13/spo_6/spo_versionen/12_DSM_112_SPO.pdf";"";""
"09";"DT";"M";"Master";"Entrepreneurship and Digital Transformation";"Entrepreneurship and Digital Transformation";"790";"Konsekutives Masterstudium Master an Fachhochschulen (Abschlussprüfung vorausgesetzt)";"1";"3";"0";"0";"Vollzeit";"219M";"-";"-";"90";"0";"0";"M.A.";"";"";"M.A.";"";"";"---~0~|---~0~|---~0~";"";"";"WW";"";"N";"";"";"";"";"";"";"";"";"";"";"";"0";"0";"0";"";"";"";"";"";"";"https://w3-mediapool.hm.edu/media/dachmarke/dm_transfer/download_13/spo_6/spo_versionen/09_DTM_219_SPO.pdf";"";""
"04";"EE";"M";"Master";"Electrical Engineering";"Electrical Engineering";"790";"Konsekutives Masterstudium Master an Fachhochschulen (Abschlussprüfung vorausgesetzt)";"3";"3";"6";"3";"Vollzeit / Teilzeit / Dual";"";"";"";"";"";"";"";"";"";"";"";"";"";"";"";"IW";"T";"N";"";"";"";"";"";"";"";"";"";"";"";"";"";"";"";"";"";"";"";"";"";"";""
"04";"EI";"B";"Bachelor";"Elektrotechnik und Informationstechnik";"Electrical Engineering and Information Technology";"184";"Erststudium Bachelor an Fachhochschulen";"1";"7";"0";"7";"Vollzeit / Dual";"216B";"-";"216B";"210";"0";"210";"B.Eng.";"";"B.Eng.";"B.Eng.";"";"B.Eng.";"---~0~|---~0~|Praxissemester~5~";"";"---~0~|---~0~|Praxissemester~5~";"IW";"T";"N";"220";"Wahr";"Wahr";"01.12.2020";"15.01.2021";"15.11.2020";"15.01.2021";"";"";"";"";"4";"0";"4";"";"";"";"Allgemeine Elektrotechnik;Automatisierungstechnik;Kommunikationstechnik;Technische Informatik";"";"Allgemeine Elektrotechnik;Automatisierungstechnik;Kommunikationstechnik;Technische Informatik";"https://w3-mediapool.hm.edu/media/dachmarke/dm_transfer/download_13/spo_6/spo_versionen/04_EIB_216_SPO.pdf";"";"https://w3-mediapool.hm.edu/media/dachmarke/dm_transfer/download_13/spo_6/spo_versionen/04_EIB_216_SPO.pdf"
"04";"EL";"M";"Master";"Elektrotechnik";"Electrical Engineering";"790";"Konsekutives Masterstudium Master an Fachhochschulen (Abschlussprüfung vorausgesetzt)";"3";"3";"6";"3";"Vollzeit / Teilzeit / Dual";"216M";"216M";"216M";"90";"90";"90";"M.Sc.";"M.Sc.";"M.Sc.";"M.Sc.";"M.Sc.";"M.Sc.";"---~0~|---~0~|---~0~";"---~0~|---~0~|---~0~";"---~0~|---~0~|---~0~";"IW";"T";"N";"220";"Wahr";"Falsch";"15.11.2020";"15.01.2021";"";"";"";"";"";"";"1";"1";"1";"";"";"";"Allgemeine Elektrotechnik;Automatisierungstechnik;Autonome Systeme;Elektromobilität;Kommunikationstechnik;Regenerative Energien/Energietechnik";"Allgemeine Elektrotechnik;Automatisierungstechnik;Autonome Systeme;Elektromobilität;Kommunikationstechnik;Regenerative Energien/Energietechnik";"Allgemeine Elektrotechnik;Automatisierungstechnik;Autonome Systeme;Elektromobilität;Kommunikationstechnik;Regenerative Energien/Energietechnik";"https://w3-mediapool.hm.edu/media/dachmarke/dm_transfer/download_13/spo_6/spo_versionen/04_ELM_216_SPO.pdf";"https://w3-mediapool.hm.edu/media/dachmarke/dm_transfer/download_13/spo_6/spo_versionen/04_ELM_216_SPO.pdf";"https://w3-mediapool.hm.edu/media/dachmarke/dm_transfer/download_13/spo_6/spo_versionen/04_ELM_216_SPO.pdf"
"04";"EM";"B";"Bachelor";"Elektrotechnik - Elektromobilität";"Electrical Engineering - Electromobility";"184";"Erststudium Bachelor an Fachhochschulen";"1";"7";"0";"7";"Vollzeit / Dual";"216B";"-";"216B";"210";"0";"210";"B.Eng.";"";"B.Eng.";"B.Eng.";"";"B.Eng.";"---~0~|---~0~|Praxissemester~5~";"";"---~0~|---~0~|Praxissemester~5~";"IW";"T";"N";"220";"Wahr";"Wahr";"01.12.2020";"15.01.2021";"15.11.2020";"15.01.2021";"";"";"";"";"0";"0";"0";"";"";"";"";"";"";"https://w3-mediapool.hm.edu/media/dachmarke/dm_transfer/download_13/spo_6/spo_versionen/04_EMB_216_SPO.pdf";"";"https://w3-mediapool.hm.edu/media/dachmarke/dm_transfer/download_13/spo_6/spo_versionen/04_EMB_216_SPO.pdf"
"03";"FA";"B";"Bachelor";"Fahrzeugtechnik";"Automotive and Aeronautical Engineering";"184";"Erststudium Bachelor an Fachhochschulen";"1";"7";"0";"7";"Vollzeit / Dual";"220B";"-";"220B";"210";"0";"210";"";"";"";"";"";"";"Vorpraxis~0~12|---~0~|Praxissemester~5~20";"";"Vorpraxis~0~12|---~0~|Praxissemester~5~20";"IW";"T";"N";"220";"Wahr";"Wahr";"01.12.2020";"15.01.2021";"15.11.2020";"15.01.2021";"";"";"";"";"2";"0";"2";"";"";"";"Antriebssysteme;Erprobung und Messtechnik;Fahrdynamik und Fahrzeugakustik ;Fahrzeugaufbau;Fahrzeugmechatronik;Produktentwicklung;Sachverständigenwesen;Strukturanalyse";"";"Antriebssysteme;Erprobung und Messtechnik;Fahrdynamik und Fahrzeugakustik ;Fahrzeugaufbau;Fahrzeugmechatronik;Produktentwicklung;Sachverständigenwesen;Strukturanalyse";"https://w3-mediapool.hm.edu/media/dachmarke/dm_transfer/download_13/spo_6/spo_versionen/03_FAB_220_SPO.pdf";"";"https://w3-mediapool.hm.edu/media/dachmarke/dm_transfer/download_13/spo_6/spo_versionen/03_FAB_220_SPO.pdf"
"03";"FA";"D";"Diplom";"Fahrzeugtechnik und Flugzeugtechnik";"Automotive and Aeronautical Engineering";"151";"Erststudium Diplom (FH)";"1";"8";"0";"0";"Vollzeit";"211D";"-";"-";"182";"0";"0";"Dipl.-Ing. (FH)";"";"";"Dipl.-Ing. (FH)";"";"";"---~0~|1.Praxissemester~3~|2.Praxissemester~6~";"";"";"IW";"T";"N";"";"";"";"";"";"";"";"";"";"";"";"2";"0";"0";"Fahrzeugtechnik;Luft- und Raumfahrttechnik";"";"";"Kraftfahrzeug-Sachverständigenwesen;Straßenfahrzeuge;Verkehrstechnik";"";"";"https://w3-mediapool.hm.edu/media/dachmarke/dm_transfer/download_13/spo_6/spo_versionen/03_FAD_211_SPO.pdf";"";""
"03";"FA";"M";"Master";"Fahrzeugtechnik";"Automotive and Aeronautical Engineering";"790";"Konsekutives Masterstudium Master an Fachhochschulen (Abschlussprüfung vorausgesetzt)";"3";"3";"6";"3";"Vollzeit / Teilzeit / Dual";"118M";"218M";"118M";"90";"90";"90";"M.Sc.";"M.Sc.";"M.Sc.";"M.Sc.";"M.Sc.";"M.Sc.";"---~0~|---~0~|---~0~";"---~0~|---~0~|---~0~";"---~0~|---~0~|---~0~";"IW";"T";"N";"220";"Wahr";"Falsch";"15.11.2020";"15.01.2021";"";"";"";"";"";"";"2";"2";"2";"";"";"";"Entwicklung und Management Fahrzeugaufbau;Fahrdynamik und Fahrzeugakustik;Fahrzeugantriebe;Karosserie und Fahrzeugsicherheit;Smart Vehicle";"Entwicklung und Management Fahrzeugaufbau;Fahrdynamik und Fahrzeugakustik;Fahrzeugantriebe;Karosserie und Fahrzeugsicherheit;Smart Vehicle";"Entwicklung und Management Fahrzeugaufbau;Fahrdynamik und Fahrzeugakustik;Fahrzeugantriebe;Karosserie und Fahrzeugsicherheit;Smart Vehicle";"https://w3-mediapool.hm.edu/media/dachmarke/dm_transfer/download_13/spo_6/spo_versionen/03_FAM_118_SPO.pdf";"https://w3-mediapool.hm.edu/mediapool/media/dachmarke/dm_transfer/download_13/spo_6/spo_versionen/03_FAM_118_SPO.pdf";"https://w3-mediapool.hm.edu/media/dachmarke/dm_transfer/download_13/spo_6/spo_versionen/03_FAM_118_SPO.pdf"
"03";"FE";"M";"Master";"Fahrzeugmechatronik";"Automotive Mechatronics";"790";"Konsekutives Masterstudium Master an Fachhochschulen (Abschlussprüfung vorausgesetzt)";"3";"3";"6";"0";"Vollzeit / Teilzeit";"121M";"220M";"-";"90";"90";"0";"M.Sc.";"M.Sc.";"";"M.Sc.";"M.Sc.";"";"---~0~|---~0~|---~0~";"---~0~|---~0~|---~0~";"";"IW";"T";"N";"220";"Wahr";"Falsch";"15.11.2020";"15.01.2021";"";"";"";"";"";"";"0";"0";"0";"";"";"";"";"";"";"https://w3-mediapool.hm.edu/media/dachmarke/dm_transfer/download_13/spo_6/spo_versionen/03_FEM_220_SPO.pdf";"https://w3-mediapool.hm.edu/media/dachmarke/dm_transfer/download_13/spo_6/spo_versionen/03_FEM_220_SPO.pdf";""
"99";"GA";"Z";"";"Gaststudium";"";"997";"Keine Abschlussprüfung möglich bzw. angestrebt";"1";"1";"0";"0";"Vollzeit";"";"-";"-";"";"0";"0";"";"";"";"";"";"";"";"";"";"";"";"B";"220";"Wahr";"Falsch";"";"";"";"";"";"";"";"";"";"0";"0";"";"";"";"";"";"";"";"";""
"08";"GD";"B";"Bachelor";"Angewandte Geodäsie und Geoinformatik";"Angewandte Geodäsie und Geoinformatik";"184";"Erststudium Bachelor an Fachhochschulen";"1";"7";"0";"7";"Vollzeit / Dual";"216B";"-";"216B";"210";"0";"210";"B.Eng.";"";"B.Eng.";"B.Eng.";"";"B.Eng.";"---~0~|---~0~|Praxissemester~6~18";"";"---~0~|---~0~|Praxissemester~6~18";"IW";"T";"N";"220";"Falsch";"Wahr";"";"";"15.11.2020";"15.01.2021";"";"";"";"";"0";"0";"0";"";"";"";"";"";"";"https://w3-mediapool.hm.edu/media/dachmarke/dm_transfer/download_13/spo_6/spo_versionen/08_GDB_216_SPO.pdf";"";"https://w3-mediapool.hm.edu/media/dachmarke/dm_transfer/download_13/spo_6/spo_versionen/08_GDB_216_SPO.pdf"
"11";"GE";"M";"Master";"Gesellschaftlicher Wandel und Teilhabe";"Social Changes and Participation";"790";"Konsekutives Masterstudium Master an Fachhochschulen (Abschlussprüfung vorausgesetzt)";"1";"3";"0";"0";"Vollzeit";"215M";"-";"-";"90";"0";"0";"M.A.";"";"";"M.A.";"";"";"---~0~|---~0~|---~0~";"";"";"SW";"S";"N";"";"";"";"";"";"";"";"";"";"";"";"0";"0";"0";"";"";"";"";"";"";"https://w3-mediapool.hm.edu/media/dachmarke/dm_transfer/download_13/spo_6/spo_versionen/11_GEM_215_SPO.pdf";"";""
"08";"GI";"B";"Bachelor";"Geoinformatik und Satellitenpositionierung";"Geoinformatics and Satellite Positioning";"184";"Erststudium Bachelor an Fachhochschulen";"3";"7";"0";"7";"Vollzeit / Dual";"";"-";"";"";"0";"";"";"";"";"";"";"";"";"";"";"IW";"T";"N";"";"";"";"";"";"";"";"";"";"";"";"";"0";"";"";"";"";"";"";"";"";"";""
"08";"GN";"B";"Bachelor";"Geoinformatik und Navigation";"Geoinformatics and Navigation";"184";"Erststudium Bachelor an Fachhochschulen";"1";"7";"0";"7";"Vollzeit / Dual";"217B";"-";"217B";"210";"0";"210";"B.Eng.";"";"B.Eng.";"B.Eng.";"";"B.Eng.";"---~0~|---~0~|Praxissemester~5~18";"";"---~0~|---~0~|Praxissemester~5~18";"IW";"T";"N";"220";"Falsch";"Wahr";"";"";"15.11.2020";"15.01.2021";"";"";"";"";"0";"0";"0";"";"";"";"";"";"";"https://w3-mediapool.hm.edu/media/dachmarke/dm_transfer/download_13/spo_6/spo_versionen/08_GNB_217_SPO.pdf";"";"https://w3-mediapool.hm.edu/media/dachmarke/dm_transfer/download_13/spo_6/spo_versionen/08_GNB_217_SPO.pdf"
"08";"GO";"B";"Bachelor";"Geotelematik und Navigation";"Geotelematics and Navigation";"184";"Erststudium Bachelor an Fachhochschulen";"1";"7";"0";"7";"Vollzeit / Dual";"";"-";"";"";"0";"";"";"";"";"";"";"";"";"";"";"IW";"T";"N";"";"";"";"";"";"";"";"";"";"";"";"";"0";"";"";"";"";"";"";"";"";"";""
"08";"GO";"M";"Master";"Geomatik";"Geomatics";"790";"Konsekutives Masterstudium Master an Fachhochschulen (Abschlussprüfung vorausgesetzt)";"3";"3";"6";"3";"Vollzeit / Teilzeit / Dual";"212M";"111M";"212M";"90";"90";"90";"M.Eng.";"M.Eng.";"M.Eng.";"M.Eng.";"M.Eng.";"M.Eng.";"---~0~|---~0~|---~0~";"---~0~|---~0~|---~0~";"---~0~|---~0~|---~0~";"IW";"T";"N";"220";"Wahr";"Falsch";"15.11.2020";"15.01.2021";"";"";"";"";"";"";"1";"3";"1";"";"";"";"Angewandte Geodäsie;Kartographie/Geomedientechnik;Navigation";"Angewandte Geodäsie;Kartographie/Geomedientechnik;Navigation";"Angewandte Geodäsie;Kartographie/Geomedientechnik;Navigation";"https://w3-mediapool.hm.edu/media/dachmarke/dm_transfer/download_13/spo_6/spo_versionen/08_GOM_212_SPO.pdf";"https://w3-mediapool.hm.edu/media/dachmarke/dm_transfer/download_13/spo_6/spo_versionen/08_GOM_111_SPO.pdf";"https://w3-mediapool.hm.edu/media/dachmarke/dm_transfer/download_13/spo_6/spo_versionen/08_GOM_212_SPO.pdf"
"10";"GR";"M";"Master";"Green Economy and Digital Innovation";"Green Economy and Digital Innovation";"690";"Weiterbildungsstudium Master an Fachhochschulen (Abschlussprüfung vorausgesetzt)";"2";"0";"5";"0";"Teilzeit";"-";"";"-";"0";"";"0";"";"";"";"";"";"";"";"";"";"WW";"";"N";"";"";"";"";"";"";"";"";"";"";"";"0";"";"0";"";"";"";"";"";"";"";"";""
"09";"GS";"Z";"";"Gründung eines eigenen Start-ups";"Founding your own start-up";"494";"Ergänzungs-, Erweiterungs- und Zusatzstudium Abschlusszeugnis/Zertifikat";"2";"0";"2";"0";"Teilzeit";"-";"119Z";"-";"0";"";"0";"";"";"";"";"";"";"";"---~0~|---~0~|---~0~";"";"WW";"";"N";"220";"Wahr";"Falsch";"15.11.2020";"19.02.2021";"";"";"";"";"";"";"0";"0";"0";"";"";"";"";"";"";"";"https://w3-mediapool.hm.edu/mediapool/media/dachmarke/dm_transfer/diehochschulemnchen/satzungen/dokumente2010/erwerb_hochschulzertifikat_gruendung_eines_eigenen_start_ups/grundfassung_28/Satzung_Ausfertigung_Bekanntmachung.pdf";""
"05";"GT";"M";"Master";"Gebäudetechnik";"Building Services Engineering";"790";"Konsekutives Masterstudium Master an Fachhochschulen (Abschlussprüfung vorausgesetzt)";"1";"3";"0";"3";"Vollzeit / Dual";"115M";"-";"115M";"90";"0";"90";"M.Eng.";"";"M.Eng.";"M.Eng.";"";"M.Eng.";"---~0~|---~0~|---~0~";"";"---~0~|---~0~|---~0~";"IW";"T";"N";"220";"Wahr";"Falsch";"15.11.2020";"15.01.2021";"";"";"";"";"";"";"0";"0";"0";"";"";"";"";"";"";"https://w3-mediapool.hm.edu/media/dachmarke/dm_transfer/download_13/spo_6/spo_versionen/05_GTM_115_SPO.pdf";"";"https://w3-mediapool.hm.edu/media/dachmarke/dm_transfer/download_13/spo_6/spo_versionen/05_GTM_115_SPO.pdf"
"11";"GW";"M";"Master";"Gemeinwesenentwicklung, Quartiersmanagement und Lokale Ökonomie";"Community Development and Local Economy";"690";"Weiterbildungsstudium Master an Fachhochschulen (Abschlussprüfung vorausgesetzt)";"2";"0";"6";"0";"Teilzeit";"-";"112M";"-";"0";"120";"0";"";"M.C.D.";"";"";"M.C.D.";"";"";"---~0~|---~0~|---~0~";"";"SW";"S";"B";"";"";"";"";"";"";"";"";"";"";"";"0";"0";"0";"";"";"";"";"";"";"";"https://w3-mediapool.hm.edu/media/dachmarke/dm_transfer/download_13/spo_6/spo_versionen/11_GWM_112_SPO.pdf";""
"03";"IA";"M";"Master";"Ingenieurakustik";"Ingenieurakustik";"790";"Konsekutives Masterstudium Master an Fachhochschulen (Abschlussprüfung vorausgesetzt)";"2";"0";"5";"0";"Teilzeit";"-";"";"-";"0";"";"0";"";"";"";"";"";"";"";"";"";"IW";"T";"B";"";"";"";"";"";"";"";"";"";"";"";"0";"";"0";"";"";"";"";"";"";"";"";""
"03";"IA";"Z";"";"Ingenieurakustik (Modulstudium)";"Ingenieurakustik (Modulstudium)";"694";"Weiterbildungsstudium Abschlusszeugnis/Zertifikat";"2";"0";"1";"0";"Teilzeit";"-";"";"-";"0";"";"0";"";"";"";"";"";"";"";"";"";"IW";"";"B";"220";"Wahr";"Falsch";"";"";"";"";"";"";"";"";"0";"";"0";"";"";"";"";"";"";"";"";""
"07";"IB";"B";"Bachelor";"Wirtschaftsinformatik";"Information Systems and Management";"184";"Erststudium Bachelor an Fachhochschulen";"1";"7";"0";"7";"Vollzeit / Dual";"217B";"-";"217B";"210";"0";"210";"B.Sc.";"";"B.Sc.";"B.Sc.";"";"B.Sc.";"---~0~|---~0~|Praxissemester~5~";"";"---~0~|---~0~|Praxissemester~5~";"IM";"T";"N";"220";"Falsch";"Wahr";"";"";"15.11.2020";"15.01.2021";"";"";"";"";"0";"0";"0";"";"";"";"";"";"";"https://w3-mediapool.hm.edu/media/dachmarke/dm_transfer/download_13/spo_6/spo_versionen/07_IBB_217_SPO.pdf";"";"https://w3-mediapool.hm.edu/media/dachmarke/dm_transfer/download_13/spo_6/spo_versionen/07_IBB_217_SPO.pdf"
"07";"IC";"B";"Bachelor";"Scientific Computing";"Scientific Computing";"184";"Erststudium Bachelor an Fachhochschulen";"1";"7";"0";"7";"Vollzeit / Dual";"219B";"-";"219B";"210";"0";"210";"B.Sc.";"";"B.Sc.";"B.Sc.";"";"B.Sc.";"---~0~|---~0~|Praxissemester~4~";"";"---~0~|---~0~|Praxissemester~4~";"IM";"T";"N";"220";"Falsch";"Falsch";"";"";"";"";"";"";"";"";"0";"0";"0";"";"";"";"";"";"";"https://w3-mediapool.hm.edu/media/dachmarke/dm_transfer/download_13/spo_6/spo_versionen/07_ICB_217_SPO.pdf";"";"https://w3-mediapool.hm.edu/media/dachmarke/dm_transfer/download_13/spo_6/spo_versionen/07_ICB_217_SPO.pdf"
"07";"IF";"B";"Bachelor";"Informatik";"Computer Science";"184";"Erststudium Bachelor an Fachhochschulen";"1";"7";"0";"7";"Vollzeit / Dual";"219B";"-";"219B";"210";"0";"210";"B.Sc.";"";"B.Sc.";"B.Sc.";"";"B.Sc.";"---~0~|---~0~|Praxissemester~5~";"";"---~0~|---~0~|Praxissemester~5~";"IM";"T";"N";"220";"Falsch";"Wahr";"";"";"15.11.2020";"15.01.2021";"";"";"";"";"0";"0";"0";"";"";"";"";"";"";"https://w3-mediapool.hm.edu/media/dachmarke/dm_transfer/download_13/spo_6/spo_versionen/07_IFB_212_SPO.pdf";"";"https://w3-mediapool.hm.edu/media/dachmarke/dm_transfer/download_13/spo_6/spo_versionen/07_IFB_212_SPO.pdf"
"07";"IG";"M";"Master";"Informatik";"Computer Science";"790";"Konsekutives Masterstudium Master an Fachhochschulen (Abschlussprüfung vorausgesetzt)";"3";"3";"6";"3";"Vollzeit / Teilzeit / Dual";"119M";"219M";"119M";"90";"90";"90";"M.Sc.";"M.Sc.";"M.Sc.";"M.Sc.";"M.Sc.";"M.Sc.";"---~0~|---~0~|---~0~";"---~0~|---~0~|---~0~";"---~0~|---~0~|---~0~";"IM";"T";"N";"220";"Wahr";"Falsch";"15.11.2020";"15.01.2021";"";"";"";"";"";"";"1";"1";"1";"";"";"";"Embedded Computing;Software Engineering;Visual Computing and Machine Learning";"Embedded Computing;Software Engineering;Visual Computing and Machine Learning";"Embedded Computing;Software Engineering;Visual Computing and Machine Learning";"https://w3-mediapool.hm.edu/media/dachmarke/dm_transfer/download_13/spo_6/spo_versionen/07_IGM_110_SPO.pdf";"https://w3-mediapool.hm.edu/media/dachmarke/dm_transfer/download_13/spo_6/spo_versionen/07_IGM_119_SPO.pdf";"https://w3-mediapool.hm.edu/media/dachmarke/dm_transfer/download_13/spo_6/spo_versionen/07_IGM_110_SPO.pdf"
"13";"IK";"M";"Master";"Interkulturelle Kommunikation und Kooperation";"Intercultural Communication and Cooperation";"690";"Weiterbildungsstudium Master an Fachhochschulen (Abschlussprüfung vorausgesetzt)";"2";"4";"5";"0";"Vollzeit / Teilzeit";"";"119M";"-";"";"90";"0";"";"M.A.";"";"";"M.A.";"";"";"---~0~|---~0~|---~0~";"";"IM";"T";"B";"";"";"";"";"";"";"";"";"";"";"";"";"0";"0";"";"";"";"";"";"";"";"https://w3-mediapool.hm.edu/mediapool/media/dachmarke/dm_transfer/download_13/spo_6/spo_aktuell/13_ikm_aktuell_spo.pdf";""
"13";"IK";"Z";"";"Interkulturelle Kommunikation und Kooperation";"Intercultural Communication and Cooperation";"494";"Ergänzungs-, Erweiterungs- und Zusatzstudium Abschlusszeugnis/Zertifikat";"2";"0";"2";"0";"Teilzeit";"-";"203Z";"-";"0";"0";"0";"";"";"";"";"";"";"";"---~0~|---~0~|---~0~";"";"IM";"";"B";"220";"Wahr";"Falsch";"";"";"";"";"";"";"";"";"0";"0";"0";"";"Zertifikat";"";"";"";"";"";"https://w3-mediapool.hm.edu/media/dachmarke/dm_transfer/download_13/spo_6/spo_versionen/13_IKZ_203_SPO.pdf";""
"07";"IN";"M";"Master";"Wirtschaftsinformatik";"Information Systems and Management";"790";"Konsekutives Masterstudium Master an Fachhochschulen (Abschlussprüfung vorausgesetzt)";"3";"3";"6";"3";"Vollzeit / Teilzeit / Dual";"212M";"112M";"212M";"90";"90";"90";"M.Sc.";"M.Sc.";"M.Sc.";"M.Sc.";"M.Sc.";"M.Sc.";"---~0~|---~0~|---~0~";"---~0~|---~0~|---~0~";"---~0~|---~0~|---~0~";"IM";"T";"N";"220";"Wahr";"Falsch";"15.11.2020";"15.01.2021";"";"";"";"";"";"";"0";"0";"0";"";"";"";"";"";"";"https://w3-mediapool.hm.edu/media/dachmarke/dm_transfer/download_13/spo_6/spo_versionen/07_INM_212_SPO.pdf";"https://w3-mediapool.hm.edu/media/dachmarke/dm_transfer/download_13/spo_6/spo_versionen/07_INM_112_SPO.pdf";"https://w3-mediapool.hm.edu/media/dachmarke/dm_transfer/download_13/spo_6/spo_versionen/07_INM_212_SPO.pdf"
"07";"IS";"M";"Master";"Stochastic Engineering in Business and Finance";"Stochastic Engineering in Business and Finance";"790";"Konsekutives Masterstudium Master an Fachhochschulen (Abschlussprüfung vorausgesetzt)";"3";"3";"6";"0";"Vollzeit / Teilzeit";"217M";"117M";"-";"90";"90";"0";"M.Sc.";"M.Sc.";"";"M.Sc.";"M.Sc.";"";"---~0~|---~0~|---~0~";"---~0~|---~0~|---~0~";"";"IM";"T";"N";"220";"Wahr";"Falsch";"15.11.2020";"15.01.2021";"";"";"";"";"";"";"0";"0";"0";"";"";"";"";"";"";"https://w3-mediapool.hm.edu/media/dachmarke/dm_transfer/download_13/spo_6/spo_versionen/07_ISM_117_SPO.pdf";"https://w3-mediapool.hm.edu/media/dachmarke/dm_transfer/download_13/spo_6/spo_versionen/07_ISM_117_SPO.pdf";""
"07";"IT";"M";"Master";"IT-Sicherheit";"IT Security";"790";"Konsekutives Masterstudium Master an Fachhochschulen (Abschlussprüfung vorausgesetzt)";"3";"3";"6";"0";"Vollzeit / Teilzeit";"220M";"120M";"-";"90";"90";"0";"";"";"";"";"";"";"---~0~|---~0~|---~0~";"---~0~|---~0~|---~0~";"";"IM";"T";"N";"220";"Wahr";"Falsch";"15.11.2020";"15.01.2021";"";"";"";"";"";"";"0";"0";"0";"";"";"";"";"";"";"https://w3-mediapool.hm.edu/media/dachmarke/dm_transfer/download_13/spo_6/spo_versionen/07_ITM_220_SPO.pdf";"";""
"08";"KA";"B";"Bachelor";"Kartographie und Geomedientechnik";"Cartography and Geomedia-Technology";"184";"Erststudium Bachelor an Fachhochschulen";"1";"7";"0";"0";"Vollzeit";"111B";"-";"-";"210";"0";"0";"B.Eng.";"";"";"B.Eng.";"";"";"---~0~|---~0~|Praxissemester~5~20";"";"";"IW";"T";"N";"";"";"";"";"";"";"";"";"";"";"";"0";"0";"0";"";"";"";"";"";"";"https://w3-mediapool.hm.edu/media/dachmarke/dm_transfer/download_13/spo_6/spo_versionen/08_KAB_111_SPO.pdf";"";""
"08";"KG";"B";"Bachelor";"Kartographie|Geomedientechnik";"Cartography|Geomedia Technology";"184";"Erststudium Bachelor an Fachhochschulen";"1";"7";"0";"0";"Vollzeit";"216B";"-";"-";"210";"0";"0";"B.Eng.";"";"";"B.Eng.";"";"";"---~0~|---~0~|Praxissemester~5~19";"";"";"IW";"T";"N";"220";"Falsch";"Wahr";"";"";"15.11.2020";"15.01.2021";"";"";"";"";"0";"0";"0";"";"";"";"";"";"";"https://w3-mediapool.hm.edu/media/dachmarke/dm_transfer/download_13/spo_6/spo_versionen/08_KGB_216_SPO.pdf";"";""
"09";"LM";"B";"Bachelor";"Wirtschaftsingenieurwesen Logistik";"Logistics Management";"184";"Erststudium Bachelor an Fachhochschulen";"1";"7";"0";"7";"Vollzeit / Dual";"219B";"-";"219B";"210";"0";"210";"B.Eng.";"";"B.Eng.";"B.Eng.";"";"B.Eng.";"---~0~|Vorpraxis~0~10|Praxissemester~5~20";"";"---~0~|Vorpraxis~0~10|Praxissemester~5~20";"WW";"T";"N";"220";"Falsch";"Wahr";"";"";"15.11.2020";"15.01.2021";"";"";"";"";"0";"0";"0";"";"";"";"";"";"";"https://w3-mediapool.hm.edu/media/dachmarke/dm_transfer/download_13/spo_6/spo_versionen/09_LMB_219_SPO.pdf";"";"https://w3-mediapool.hm.edu/media/dachmarke/dm_transfer/download_13/spo_6/spo_versionen/09_LMB_219_SPO.pdf"
"03";"LR";"B";"Bachelor";"Luft- und Raumfahrttechnik";"Aerospace Engineering";"184";"Erststudium Bachelor an Fachhochschulen";"1";"7";"0";"7";"Vollzeit / Dual";"220B";"-";"220B";"210";"0";"210";"";"";"";"";"";"";"Vorpraxis~0~12|---~0~|Praxissemester~5~20";"";"Vorpraxis~0~12|---~0~|Praxissemester~5~20";"IW";"T";"N";"220";"Wahr";"Wahr";"01.12.2020";"15.01.2021";"15.11.2020";"15.01.2021";"";"";"";"";"0";"0";"0";"";"";"";"";"";"";"https://w3-mediapool.hm.edu/media/dachmarke/dm_transfer/download_13/spo_6/spo_versionen/03_LRB_220_SPO.pdf";"";"https://w3-mediapool.hm.edu/media/dachmarke/dm_transfer/download_13/spo_6/spo_versionen/03_LRB_220_SPO.pdf"
"03";"LR";"M";"Master";"Luft- und Raumfahrttechnik";"Aerospace Engineering";"790";"Konsekutives Masterstudium Master an Fachhochschulen (Abschlussprüfung vorausgesetzt)";"3";"3";"6";"0";"Vollzeit / Teilzeit";"118M";"218M";"-";"90";"90";"0";"M.Sc.";"M.Sc.";"";"M.Sc.";"M.Sc.";"";"---~0~|---~0~|---~0~";"---~0~|---~0~|---~0~";"";"IW";"T";"N";"220";"Wahr";"Falsch";"15.11.2020";"15.01.2021";"";"";"";"";"";"";"0";"0";"0";"";"";"";"";"";"";"https://w3-mediapool.hm.edu/media/dachmarke/dm_transfer/download_13/spo_6/spo_versionen/03_LRM_118_SPO.pdf";"https://w3-mediapool.hm.edu/mediapool/media/dachmarke/dm_transfer/download_13/spo_6/spo_versionen/03_LRM_118_SPO.pdf";""
"03";"MB";"B";"Bachelor";"Maschinenbau";"Mechanical Engineering";"184";"Erststudium Bachelor an Fachhochschulen";"1";"7";"0";"7";"Vollzeit / Dual";"220B";"-";"220B";"210";"0";"210";"B.Sc.";"";"B.Sc.";"B.Sc.";"";"B.Sc.";"Vorpraxis~0~12|---~0~|Praxissemester~5~20";"";"Vorpraxis~0~12|---~0~|Praxissemester~5~20";"IW";"T";"N";"220";"Wahr";"Wahr";"01.12.2020";"15.01.2021";"15.11.2020";"15.01.2021";"";"";"";"";"1";"0";"1";"";"";"";"Energietechnik;Mechatronik;Produktentwicklung;Produktion";"";"Energietechnik;Mechatronik;Produktentwicklung;Produktion";"https://w3-mediapool.hm.edu/media/dachmarke/dm_transfer/download_13/spo_6/spo_versionen/03_MBB_220_SPO.pdf";"";"https://w3-mediapool.hm.edu/media/dachmarke/dm_transfer/download_13/spo_6/spo_versionen/03_MBB_220_SPO.pdf"
"03";"MB";"D";"Diplom";"Maschinenbau";"Mechanical Engineering";"151";"Erststudium Diplom (FH)";"1";"8";"0";"0";"Vollzeit";"111D";"-";"-";"0";"0";"0";"B.Sc.";"";"";"B.Sc.";"";"";"---~0~|1.Praxissemester~3~|2.Praxissemester~6~";"";"";"IW";"T";"N";"";"";"";"";"";"";"";"";"";"";"";"1";"0";"0";"";"";"";"Allgemeiner Maschinenbau;Automatisierungstechnik;Energietechnik;Konstruktion;Produktionstechnik;Verfahrenstechnik";"";"";"https://w3-mediapool.hm.edu/media/dachmarke/dm_transfer/download_13/spo_6/spo_versionen/03_MBD_111_SPO.pdf";"";""
"03";"MB";"M";"Master";"Maschinenbau";"Mechanical Engineering";"790";"Konsekutives Masterstudium Master an Fachhochschulen (Abschlussprüfung vorausgesetzt)";"3";"3";"6";"3";"Vollzeit / Teilzeit / Dual";"118M";"218M";"118M";"90";"90";"90";"M.Sc.";"M.Sc.";"M.Sc.";"M.Sc.";"M.Sc.";"M.Sc.";"---~0~|---~0~|---~0~";"---~0~|---~0~|---~0~";"---~0~|---~0~|---~0~";"IW";"T";"N";"220";"Wahr";"Falsch";"15.11.2020";"15.01.2021";"";"";"";"";"";"";"0";"0";"0";"";"";"";"";"";"";"https://w3-mediapool.hm.edu/media/dachmarke/dm_transfer/download_13/spo_6/spo_versionen/03_MBM_118_SPO.pdf";"https://w3-mediapool.hm.edu/mediapool/media/dachmarke/dm_transfer/download_13/spo_6/spo_versionen/03_MBM_118_SPO.pdf";"https://w3-mediapool.hm.edu/media/dachmarke/dm_transfer/download_13/spo_6/spo_versionen/03_MBM_118_SPO.pdf"
"06";"MF";"B";"Bachelor";"Mechatronik/Feinwerktechnik";"Mechatronics/Precision Engineering";"184";"Erststudium Bachelor an Fachhochschulen";"1";"7";"0";"7";"Vollzeit / Dual";"215B";"-";"215B";"210";"0";"210";"B.Eng.";"";"B.Eng.";"B.Eng.";"";"B.Eng.";"---~0~0|---~0~|2.Praxissemester~6~";"";"---~0~0|---~0~|2.Praxissemester~6~";"IW";"T";"N";"220";"Falsch";"Wahr";"";"";"15.11.2020";"15.01.2021";"";"";"";"";"0";"0";"0";"Gerätetechnik;Medizintechnik";"";"Gerätetechnik;Medizintechnik";"";"";"";"https://w3-mediapool.hm.edu/media/dachmarke/dm_transfer/download_13/spo_6/spo_versionen/06_MFB_215_SPO.pdf";"";"https://w3-mediapool.hm.edu/media/dachmarke/dm_transfer/download_13/spo_6/spo_versionen/06_MFB_215_SPO.pdf"
"06";"MF";"M";"Master";"Mechatronik/Feinwerktechnik";"Mechatronics/Precision Engineering";"290";"Zweitstudium Master an Fachhochschulen (Abschlussprüfung vorausgesetzt)";"3";"3";"6";"3";"Vollzeit / Teilzeit / Dual";"115M";"215M";"115M";"90";"90";"90";"M.Eng.";"M.Eng.";"M.Eng.";"M.Eng.";"M.Eng.";"M.Eng.";"---~0~|---~0~|---~0~";"---~0~|---~0~|---~0~";"---~0~|---~0~|---~0~";"IW";"T";"N";"220";"Wahr";"Falsch";"15.11.2020";"15.01.2021";"";"";"";"";"";"";"0";"0";"0";"";"";"";"";"";"";"https://w3-mediapool.hm.edu/media/dachmarke/dm_transfer/download_13/spo_6/spo_versionen/06_MFM_115_SPO.pdf";"https://w3-mediapool.hm.edu/media/dachmarke/dm_transfer/download_13/spo_6/spo_versionen/06_MFM_215_SPO.pdf";"https://w3-mediapool.hm.edu/media/dachmarke/dm_transfer/download_13/spo_6/spo_versionen/06_MFM_115_SPO.pdf"
"06";"MN";"M";"Master";"Mikro- und Nanotechnik";"Micro- and Nanotechnology";"790";"Konsekutives Masterstudium Master an Fachhochschulen (Abschlussprüfung vorausgesetzt)";"3";"3";"6";"3";"Vollzeit / Teilzeit / Dual";"114M";"";"114M";"90";"";"90";"M.Sc.";"";"M.Sc.";"M.Sc.";"";"M.Sc.";"---~0~|---~0~|---~0~";"";"---~0~|---~0~|---~0~";"IW";"T";"N";"220";"Wahr";"Falsch";"15.11.2020";"15.01.2021";"";"";"";"";"";"";"0";"";"0";"";"";"";"";"";"";"https://w3-mediapool.hm.edu/media/dachmarke/dm_transfer/download_13/spo_6/spo_versionen/06_MNM_114_SPO.pdf";"";"https://w3-mediapool.hm.edu/media/dachmarke/dm_transfer/download_13/spo_6/spo_versionen/06_MNM_114_SPO.pdf"
"10";"MS";"M";"Master";"MBA Management & Business Strategy";"MBA Management & Business Strategy";"690";"Weiterbildungsstudium Master an Fachhochschulen (Abschlussprüfung vorausgesetzt)";"2";"0";"5";"0";"Teilzeit";"-";"";"-";"0";"";"0";"";"";"";"";"";"";"";"";"";"WW";"W";"B";"220";"Wahr";"Falsch";"15.11.2020";"15.01.2021";"";"";"";"";"";"";"0";"";"0";"";"";"";"";"";"";"";"";""
"06";"MT";"B";"Bachelor";"Mechatronik/Feinwerktechnik (Teilzeitstudium)";"Mechatronics/Precision Engineering";"184";"Erststudium Bachelor an Fachhochschulen";"2";"0";"11";"0";"Teilzeit";"-";"215B";"-";"0";"210";"0";"";"B.Eng.";"";"";"B.Eng.";"";"";"---~0~|---~0~|Praxissemester~9~";"";"IW";"T";"N";"220";"Falsch";"Wahr";"";"";"15.11.2020";"15.01.2021";"";"";"";"";"0";"0";"0";"";"Gerätetechnik;Medizintechnik";"";"";"";"";"";"https://w3-mediapool.hm.edu/media/dachmarke/dm_transfer/download_13/spo_6/spo_versionen/06_MTB_215_SPO.pdf";""
"06";"PA";"B";"Bachelor";"Produktion und Automatisierung (international)";"Production and Automation";"184";"Erststudium Bachelor an Fachhochschulen";"1";"7";"0";"0";"Vollzeit";"114B";"-";"-";"210";"0";"0";"B.Eng.";"";"";"B.Eng.";"";"";"---~0~|Praxisphase 1~3~|Praxisphase 2~6~";"";"";"IW";"T";"N";"220";"Falsch";"Wahr";"";"";"15.11.2020";"15.01.2021";"";"";"";"";"0";"0";"0";"";"";"";"";"";"";"";"";""
"06";"PA";"M";"Master";"Produktion und Automatisierung (international)";"Production and Automation";"790";"Konsekutives Masterstudium Master an Fachhochschulen (Abschlussprüfung vorausgesetzt)";"1";"3";"0";"0";"Vollzeit";"114M";"-";"-";"90";"0";"0";"M.Eng.";"";"";"M.Eng.";"";"";"---~0~|---~0~|---~0~";"";"";"IW";"T";"N";"";"";"";"";"";"";"";"";"";"";"";"0";"0";"0";"";"";"";"";"";"";"https://w3-mediapool.hm.edu/media/dachmarke/dm_transfer/download_13/spo_6/spo_versionen/06_PAM_114_SPO.pdf";"";""
"03";"PD";"B";"Bachelor";"Produktionstechnik";"Production Engineering";"184";"Erststudium Bachelor an Fachhochschulen";"2";"0";"11";"0";"Teilzeit";"-";"";"-";"0";"";"0";"";"";"";"";"";"";"";"";"";"IW";"T";"B";"";"";"";"";"";"";"";"";"";"";"";"0";"";"0";"";"";"";"";"";"";"";"";""
"11";"PF";"B";"Bachelor";"Pflege";"Nursing Studies";"184";"Erststudium Bachelor an Fachhochschulen";"3";"9";"0";"9";"Vollzeit / Dual";"";"-";"211B";"";"0";"210";"";"";"B.Sc.";"";"";"B.Sc.";"";"";"---~0~|---~0~|2.Praxissemester~0~";"SW";"S";"N";"";"";"";"";"";"";"";"";"";"";"";"";"0";"0";"";"";"";"";"";"";"";"";"https://w3-mediapool.hm.edu/media/dachmarke/dm_transfer/download_13/spo_6/spo_versionen/11_PFB_211_SPO.pdf"
"11";"PF";"M";"Master";"Advanced Nursing Practice";"Advanced Nursing Practice";"790";"Konsekutives Masterstudium Master an Fachhochschulen (Abschlussprüfung vorausgesetzt)";"2";"0";"5";"0";"Teilzeit";"-";"216M";"-";"0";"90";"0";"";"M.Sc.";"";"";"M.Sc.";"";"";"---~0~|---~0~|---~0~";"";"SW";"S";"B";"";"";"";"";"";"";"";"";"";"";"";"0";"0";"0";"";"";"";"";"";"";"";"https://w3-mediapool.hm.edu/media/dachmarke/dm_transfer/download_13/spo_6/spo_versionen/11_PFM_216_SPO.pdf";""
"11";"PF";"Z";"";"Advanced Nursing Practice (Modulstudium)";"Advanced Nursing Practice (Modulstudium)";"494";"Ergänzungs-, Erweiterungs- und Zusatzstudium Abschlusszeugnis/Zertifikat";"2";"0";"1";"0";"Teilzeit";"-";"";"-";"0";"";"0";"";"";"";"";"";"";"";"";"";"SW";"";"B";"";"";"";"";"";"";"";"";"";"";"";"0";"";"0";"";"";"";"";"";"";"";"";""
"06";"PH";"B";"Bachelor";"Physikalische Technik";"Engineering Physics";"184";"Erststudium Bachelor an Fachhochschulen";"1";"7";"0";"7";"Vollzeit / Dual";"217B";"-";"217B";"210";"0";"210";"B.Sc.";"";"B.Sc.";"B.Sc.";"";"B.Sc.";"---~0~|---~0~|Praxissemester~5~";"";"---~0~|---~0~|Praxissemester~5~";"IW";"T";"N";"220";"Falsch";"Wahr";"";"";"15.11.2020";"15.01.2021";"";"";"";"";"0";"0";"0";"";"";"";"";"";"";"https://w3-mediapool.hm.edu/media/dachmarke/dm_transfer/download_13/spo_6/spo_versionen/06_PHB_217_SPO.pdf";"";"https://w3-mediapool.hm.edu/media/dachmarke/dm_transfer/download_13/spo_6/spo_versionen/06_PHB_217_SPO.pdf"
"13";"PI";"B";"Bachelor";"Internationales Projektmanagement";"International Project Management";"184";"Erststudium Bachelor an Fachhochschulen";"2";"0";"11";"0";"Teilzeit";"-";"220B";"-";"0";"210";"0";"";"B.A.";"";"";"B.A.";"";"";"---~0~|1.Praxissemester~9~|2.Praxissemester~10~";"";"WW";"W";"B";"220";"Falsch";"Wahr";"";"";"15.11.2020";"15.01.2021";"";"";"";"";"0";"0";"0";"";"Betriebswirtschaftslehre und Unternehmensführung;Kultur;Wirtschaftsinformatik";"";"";"";"";"";"https://w3-mediapool.hm.edu/media/dachmarke/dm_transfer/download_13/spo_6/spo_versionen/13_PIB_220_SPO.pdf";""
"05";"PK";"M";"Master";"Paper Technology (konsekutiv)";"Paper Technology (consecutive)";"790";"Konsekutives Masterstudium Master an Fachhochschulen (Abschlussprüfung vorausgesetzt)";"3";"3";"6";"0";"Vollzeit / Teilzeit";"213M";"118M";"-";"90";"90";"0";"M.Eng.";"";"";"M.Eng.";"";"";"---~0~|---~0~|---~0~";"---~0~|---~0~|---~0~";"";"IW";"T";"N";"220";"Wahr";"Falsch";"15.11.2020";"15.01.2021";"";"";"";"";"";"";"0";"0";"0";"";"";"";"";"";"";"https://w3-mediapool.hm.edu/media/dachmarke/dm_transfer/download_13/spo_6/spo_versionen/05_PKM_213_SPO.pdf";"https://w3-mediapool.hm.edu/media/dachmarke/dm_transfer/download_13/spo_6/spo_versionen/05_PKM_213_SPO.pdf";""
"10";"PM";"M";"Master";"Personalmanagement";"Human Resource Management";"790";"Konsekutives Masterstudium Master an Fachhochschulen (Abschlussprüfung vorausgesetzt)";"1";"3";"0";"0";"Vollzeit";"";"-";"-";"";"0";"0";"";"";"";"";"";"";"";"";"";"WW";"W";"N";"";"";"";"";"";"";"";"";"";"";"";"";"0";"0";"";"";"";"";"";"";"";"";""
"06";"PN";"B";"Bachelor";"Produktion und Automatisierung";"Production and Automation";"184";"Erststudium Bachelor an Fachhochschulen";"1";"7";"0";"7";"Vollzeit / Dual";"115B";"-";"115B";"210";"0";"210";"B.Eng.";"";"B.Eng.";"B.Eng.";"";"B.Eng.";"---~0~|1.Praxissemester~3~|2.Praxissemester~6~";"";"---~0~|1.Praxissemester~3~|2.Praxissemester~6~";"IW";"T";"N";"220";"Falsch";"Wahr";"";"";"15.11.2020";"15.01.2021";"";"";"";"";"0";"0";"0";"";"";"";"";"";"";"https://w3-mediapool.hm.edu/media/dachmarke/dm_transfer/download_13/spo_6/spo_versionen/06_PNB_115_SPO.pdf";"";"https://w3-mediapool.hm.edu/media/dachmarke/dm_transfer/download_13/spo_6/spo_versionen/06_PNB_115_SPO.pdf"
"06";"PO";"M";"Master";"Photonik";"Photonics";"790";"Konsekutives Masterstudium Master an Fachhochschulen (Abschlussprüfung vorausgesetzt)";"3";"3";"6";"3";"Vollzeit / Teilzeit / Dual";"115M";"";"115M";"90";"";"90";"M.Sc.";"";"M.Sc.";"M.Sc.";"";"M.Sc.";"---~0~|---~0~|---~0~";"";"---~0~|---~0~|---~0~";"IW";"T";"N";"220";"Wahr";"Falsch";"15.11.2020";"15.01.2021";"";"";"";"";"";"";"0";"";"0";"";"";"";"";"";"";"https://w3-mediapool.hm.edu/media/dachmarke/dm_transfer/download_13/spo_6/spo_versionen/06_POM_113_SPO.pdf";"";"https://w3-mediapool.hm.edu/media/dachmarke/dm_transfer/download_13/spo_6/spo_versionen/06_POM_113_SPO.pdf"
"05";"PR";"M";"Master";"Printmedien, Technologie und Management";"Print Media, Technology and Management";"790";"Konsekutives Masterstudium Master an Fachhochschulen (Abschlussprüfung vorausgesetzt)";"1";"3";"0";"0";"Vollzeit";"112M";"-";"-";"90";"0";"0";"M.Eng.";"";"";"M.Eng.";"";"";"---~0~|---~0~|---~0~";"";"";"IW";"T";"N";"220";"Wahr";"Falsch";"15.11.2020";"15.01.2021";"";"";"";"";"";"";"0";"0";"0";"";"";"";"";"";"";"https://w3-mediapool.hm.edu/media/dachmarke/dm_transfer/download_13/spo_6/spo_versionen/05_PRM_119_SPO.pdf";"";""
"06";"PT";"B";"Bachelor";"Technische Physik";"";"184";"Erststudium Bachelor an Fachhochschulen";"1";"0";"0";"0";"?";"-";"-";"-";"0";"0";"0";"";"";"";"";"";"";"";"";"";"";"";"N";"";"";"";"";"";"";"";"";"";"";"";"0";"0";"0";"";"";"";"";"";"";"";"";""
"05";"PW";"M";"Master";"Paper Technology (Weiterbildung)";"Paper Technology (post-graduate)";"690";"Weiterbildungsstudium Master an Fachhochschulen (Abschlussprüfung vorausgesetzt)";"3";"4";"8";"0";"Vollzeit / Teilzeit";"115M";"116M";"-";"120";"120";"0";"M.Eng.";"M.Eng.";"";"M.Eng.";"M.Eng.";"";"---~0~|---~0~|---~0~";"---~0~|---~0~|---~0~";"";"IW";"T";"B";"";"";"";"";"";"";"";"";"";"";"";"0";"0";"0";"";"";"";"";"";"";"https://w3-mediapool.hm.edu/media/dachmarke/dm_transfer/download_13/spo_6/spo_versionen/05_PWM_115_SPO.pdf";"https://w3-mediapool.hm.edu/media/dachmarke/dm_transfer/download_13/spo_6/spo_versionen/05_PWM_115_SPO.pdf";""
"11";"PY";"M";"Master";"Psychotherapie mit Schwerpunkt Verhaltenstherapie";"Psychotherapy Specialized in Cognitive-Behavioral Therapy";"690";"Weiterbildungsstudium Master an Fachhochschulen (Abschlussprüfung vorausgesetzt)";"2";"0";"4";"0";"Teilzeit";"-";"215M";"-";"0";"60";"0";"";"M.A.";"";"";"M.A.";"";"";"---~0~|---~0~|---~0~";"";"SW";"S";"B";"";"";"";"";"";"";"";"";"";"";"";"0";"0";"0";"";"";"";"";"";"";"";"https://w3-mediapool.hm.edu/media/dachmarke/dm_transfer/download_13/spo_6/spo_versionen/11_PYM_215_SPO.pdf";""
"13";"PZ";"Z";"";"International Project Management Certificate";"International Project Management Certificate";"494";"Ergänzungs-, Erweiterungs- und Zusatzstudium Abschlusszeugnis/Zertifikat";"2";"1";"1";"0";"Vollzeit / Teilzeit";"";"";"-";"";"";"0";"";"";"";"";"";"";"";"";"";"";"";"B";"";"";"";"";"";"";"";"";"";"";"";"";"";"0";"";"";"";"";"";"";"";"";""
"04";"RE";"B";"Bachelor";"Regenerative Energien - Elektrotechnik";"Renewable Energies - Energy Technology";"184";"Erststudium Bachelor an Fachhochschulen";"1";"7";"0";"7";"Vollzeit / Dual";"216B";"-";"216B";"210";"0";"210";"B.Eng.";"";"B.Eng.";"B.Eng.";"";"B.Eng.";"---~0~|---~0~|Praxissemester~5~";"";"---~0~|---~0~|Praxissemester~5~";"IW";"T";"N";"220";"Wahr";"Wahr";"01.12.2020";"15.01.2021";"15.11.2020";"15.01.2021";"";"";"";"";"0";"0";"0";"";"";"";"";"";"";"https://w3-mediapool.hm.edu/media/dachmarke/dm_transfer/download_13/spo_6/spo_versionen/04_REB_216_SPO.pdf";"";"https://w3-mediapool.hm.edu/media/dachmarke/dm_transfer/download_13/spo_6/spo_versionen/04_REB_216_SPO.pdf"
"03";"RS";"M";"Master";"Applied Research in Engineering Sciences";"Applied Research in Engineering Sciences";"790";"Konsekutives Masterstudium Master an Fachhochschulen (Abschlussprüfung vorausgesetzt)";"1";"3";"0";"0";"Vollzeit";"120M";"-";"-";"90";"0";"0";"";"";"";"";"";"";"---~0~|---~0~|---~0~";"";"";"IW";"T";"N";"220";"Wahr";"Falsch";"15.11.2020";"15.01.2021";"";"";"";"";"";"";"0";"0";"0";"Biotechnologie/Bioingenieurwesen;Computational Engineering;Elektrotechnik;Energiemanagement und Energietechnik;Fahrzeugmechatronik;Fahrzeugtechnik;Gebäudetechnik;Geomatik;Informatik;Luft- und Raumfahrttechnik;Maschinenbau;Mechatronik/Feinwerktechnik;Mikro- und Nanotechnik;Paper Technology;Photonik;Printmedien, Technologien und Management;Stochastic Engineering in Business and Finance;Systems Engineering;Verpackungstechnik;Wirtschaftsinformatik;Wirtschaftsingenieurwesen";"";"";"";"";"";"https://w3-mediapool.hm.edu/media/dachmarke/dm_transfer/download_13/spo_6/spo_versionen/03_RSM_120_SPO.pdf";"";""
"03";"RS";"Z";"";"Applied Research in Engineering Sciences (Modulstudium)";"Applied Research in Engineering Sciences (Modulstudium)";"494";"Ergänzungs-, Erweiterungs- und Zusatzstudium Abschlusszeugnis/Zertifikat";"2";"1";"0";"0";"Vollzeit";"";"-";"-";"";"0";"0";"";"";"";"";"";"";"";"";"";"IW";"T";"N";"220";"";"";"";"";"";"";"Falsch";"";"";"";"";"0";"0";"";"";"";"";"";"";"";"";""
"11";"SB";"B";"Bachelor";"Soziale Arbeit BASA-Online";"Social Work - basa-online";"184";"Erststudium Bachelor an Fachhochschulen";"1";"8";"0";"0";"Vollzeit";"220B";"-";"-";"210";"0";"0";"B.A.";"";"";"B.A.";"";"";"---~0~|---~0~|---~0~";"";"";"SW";"S";"N";"220";"Falsch";"Wahr";"";"";"15.11.2020";"15.01.2021";"";"";"";"";"1";"0";"0";"";"";"";"Bildungsarbeit mit Erwachsenen und älteren Menschen;Bildungsarbeit mit Kindern und Jugendlichen;Intergenerative Soziale Arbeit;Öffentliche Sozialverwaltung;Soziale Arbeit im Bereich Delinquenz;Soziale Arbeit mit alten Menschen;Soziale Arbeit mit Erwachsenen / Rehabilitation;Soziale Arbeit mit Kindern und Jugendlichen;Soziale Arbeit und Diversity";"";"";"https://w3-mediapool.hm.edu/media/dachmarke/dm_transfer/download_13/spo_6/spo_versionen/11_SBB_220_SPO.pdf";"";""
"99";"SC";"Z";"";"Summer School";"Summer School";"997";"Keine Abschlussprüfung möglich bzw. angestrebt";"1";"0";"0";"0";"?";"-";"-";"-";"0";"0";"0";"";"";"";"";"";"";"";"";"";"";"";"B";"";"";"";"";"";"";"";"";"";"";"";"0";"0";"0";"";"";"";"";"";"";"";"";""
"11";"SD";"M";"Master";"Diagnostik, Beratung und Intervention";"Diagnosis, Counselling and Intervention";"690";"Weiterbildungsstudium Master an Fachhochschulen (Abschlussprüfung vorausgesetzt)";"2";"0";"6";"0";"Teilzeit";"-";"220M";"-";"0";"90";"0";"";"M.A.";"";"";"M.A.";"";"";"---~0~|---~0~|---~0~";"";"SW";"S";"B";"";"";"";"";"";"";"";"";"";"";"";"0";"0";"0";"";"";"";"";"";"";"";"https://w3-mediapool.hm.edu/media/dachmarke/dm_transfer/download_13/spo_6/spo_versionen/11_SDM_220_SPO.pdf";""
"11";"SE";"Z";"";"Soziale Arbeit in der Einwanderungsgesellschaft";"";"694";"Weiterbildungsstudium Abschlusszeugnis/Zertifikat";"2";"0";"2";"0";"Teilzeit";"-";"";"-";"0";"";"0";"";"";"";"";"";"";"";"";"";"SW";"";"B";"220";"Wahr";"Falsch";"";"";"";"";"";"";"";"";"0";"";"0";"";"";"";"";"";"";"";"";""
"11";"SF";"M";"Master";"Angewandte Forschung in der Sozialen Arbeit";"Applied Research in Social Work";"790";"Konsekutives Masterstudium Master an Fachhochschulen (Abschlussprüfung vorausgesetzt)";"3";"3";"6";"0";"Vollzeit / Teilzeit";"215M";"116M";"-";"90";"90";"0";"M.A.";"M.A.";"";"M.A.";"M.A.";"";"---~0~|---~0~|---~0~";"---~0~|---~0~|---~0~";"";"SW";"S";"N";"";"";"";"";"";"";"";"";"";"";"";"0";"0";"0";"";"";"";"";"";"";"https://w3-mediapool.hm.edu/media/dachmarke/dm_transfer/download_13/spo_6/spo_versionen/11_SFM_215_SPO.pdf";"https://w3-mediapool.hm.edu/media/dachmarke/dm_transfer/download_13/spo_6/spo_versionen/11_SFM_116_SPO.pdf";""
"11";"SI";"B";"Bachelor";"Management Sozialer Innovationen";"Management of Social Innovations";"184";"Erststudium Bachelor an Fachhochschulen";"1";"7";"0";"0";"Vollzeit";"220B";"-";"-";"210";"0";"0";"";"";"";"";"";"";"---~0~|---~0~|Praxissemester~5~";"";"";"SW";"S";"N";"220";"Falsch";"Wahr";"";"";"15.11.2020";"15.01.2021";"";"";"";"";"0";"0";"0";"";"";"";"";"";"";"https://w3-mediapool.hm.edu/media/dachmarke/dm_transfer/download_13/spo_6/spo_versionen/11_SIB_220_SPO.pdf";"";""
"11";"SK";"B";"Bachelor";"Bildung und Erziehung im Kindesalter-BEKI";"Childhood education (age 0 - 12)";"184";"Erststudium Bachelor an Fachhochschulen";"1";"7";"0";"0";"Vollzeit";"219B";"-";"-";"210";"0";"0";"B.A.";"";"";"B.A.";"";"";"---~0~|Praxisphase 1~0~|---~0~";"";"";"SW";"S";"N";"220";"Falsch";"Wahr";"";"";"15.11.2020";"15.01.2021";"";"";"";"";"0";"0";"0";"";"";"";"";"";"";"https://w3-mediapool.hm.edu/media/dachmarke/dm_transfer/download_13/spo_6/spo_versionen/11_SKB_119_SPO.pdf";"";""
"04";"SM";"M";"Master";"Systems Engineering";"Systems Engineering";"790";"Konsekutives Masterstudium Master an Fachhochschulen (Abschlussprüfung vorausgesetzt)";"3";"3";"6";"0";"Vollzeit / Teilzeit";"216M";"216M";"-";"90";"90";"0";"M.Sc.";"M.Sc.";"";"M.Sc.";"M.Sc.";"";"---~0~|---~0~|---~0~";"---~0~|---~0~|---~0~";"";"IW";"T";"N";"220";"Wahr";"Falsch";"15.11.2020";"15.01.2021";"";"";"";"";"";"";"0";"0";"0";"";"";"";"";"";"";"https://w3-mediapool.hm.edu/media/dachmarke/dm_transfer/download_13/spo_6/spo_versionen/04_SMM_216_SPO.pdf";"https://w3-mediapool.hm.edu/media/dachmarke/dm_transfer/download_13/spo_6/spo_versionen/04_SMM_216_SPO.pdf";""
"11";"SO";"M";"Master";"Sozialmanagement";"Social Work and Social Economy";"690";"Weiterbildungsstudium Master an Fachhochschulen (Abschlussprüfung vorausgesetzt)";"2";"0";"5";"0";"Teilzeit";"-";"215M";"-";"0";"120";"0";"";"M.S.M.";"";"";"M.S.M.";"";"";"---~0~|---~0~|---~0~";"";"SW";"S";"B";"";"";"";"";"";"";"";"";"";"";"";"0";"0";"0";"";"";"";"";"";"";"";"https://w3-mediapool.hm.edu/media/dachmarke/dm_transfer/download_13/spo_6/spo_versionen/11_SOM_219_SPO.pdf";""
"11";"SR";"B";"Bachelor";"Soziale Arbeit (Teilzeitstudium)";"Social Work (Part-Time)";"184";"Erststudium Bachelor an Fachhochschulen";"2";"0";"14";"0";"Teilzeit";"-";"218B";"-";"0";"210";"0";"";"B.A.";"";"";"B.A.";"";"";"---~0~|---~0~|2.Praxissemester~9~";"";"SW";"S";"N";"220";"Falsch";"Wahr";"";"";"15.11.2020";"15.01.2021";"";"";"";"";"0";"1";"0";"";"";"";"";"Bildung, Kultur, Medien in der Sozialen Arbeit;Cultural Studies in der Sozialen Arbeit;Soziale Arbeit in Kindheit, Jugend und Familie;Soziale Arbeit und Gesundheit;Sozialmanagement";"";"";"https://w3-mediapool.hm.edu/media/dachmarke/dm_transfer/download_13/spo_6/spo_versionen/11_SRB_218_SPO.pdf";""
"11";"SW";"B";"Bachelor";"Soziale Arbeit";"Social Work";"184";"Erststudium Bachelor an Fachhochschulen";"1";"7";"0";"0";"Vollzeit";"218B";"-";"-";"210";"0";"0";"B.A.";"";"";"B.A.";"";"";"---~0~|---~0~|Praxissemester~5~";"";"";"SW";"S";"N";"220";"Falsch";"Wahr";"";"";"15.11.2020";"15.01.2021";"";"";"";"";"1";"0";"0";"";"";"";"Bildung, Kultur, Medien in der Sozialen Arbeit;Cultural Studies in der Sozialen Arbeit;Soziale Arbeit in Kindheit, Jugend und Familie;Soziale Arbeit und Gesundheit;Sozialmanagement";"";"";"https://w3-mediapool.hm.edu/media/dachmarke/dm_transfer/download_13/spo_6/spo_versionen/11_SWB_218_SPO.pdf";"";""
"11";"SY";"M";"Master";"Mental Health (Psychische Gesundheit)";"Mental Health";"690";"Weiterbildungsstudium Master an Fachhochschulen (Abschlussprüfung vorausgesetzt)";"2";"0";"5";"0";"Teilzeit";"-";"211M";"-";"0";"90";"0";"";"MMH";"";"";"MMH";"";"";"---~0~|---~0~|---~0~";"";"SW";"S";"B";"";"";"";"";"";"";"";"";"";"";"";"0";"0";"0";"";"";"";"";"";"";"";"https://w3-mediapool.hm.edu/media/dachmarke/dm_transfer/download_13/spo_6/spo_versionen/11_SYM_211_SPO.pdf";""
"03";"TB";"M";"Master";"Computational Engineering";"Computational Engineering";"790";"Konsekutives Masterstudium Master an Fachhochschulen (Abschlussprüfung vorausgesetzt)";"3";"3";"6";"0";"Vollzeit / Teilzeit";"121M";"";"-";"90";"";"0";"M.Sc.";"";"";"M.Sc.";"";"";"---~0~|---~0~|---~0~";"";"";"IW";"T";"N";"220";"Wahr";"Falsch";"15.11.2020";"15.01.2021";"";"";"";"";"";"";"0";"";"0";"";"";"";"";"";"";"https://w3-mediapool.hm.edu/media/dachmarke/dm_transfer/download_13/spo_6/spo_versionen/03_TBM_220_SPO.pdf";"";""
"14";"TH";"M";"Master";"Hospitality Management";"Hospitality Management";"790";"Konsekutives Masterstudium Master an Fachhochschulen (Abschlussprüfung vorausgesetzt)";"1";"3";"0";"0";"Vollzeit";"212M";"-";"-";"90";"0";"0";"M.A.";"";"";"M.A.";"";"";"---~0~|---~0~|---~0~";"";"";"WW";"W";"N";"";"";"";"";"";"";"";"";"";"";"";"0";"0";"0";"";"";"";"";"";"";"https://w3-mediapool.hm.edu/media/dachmarke/dm_transfer/download_13/spo_6/spo_versionen/14_THM_116_SPO.pdf";"";""
"05";"TK";"Z";"";"Technische/r Redakteur/in";"";"494";"Ergänzungs-, Erweiterungs- und Zusatzstudium Abschlusszeugnis/Zertifikat";"2";"0";"1";"0";"Teilzeit";"-";"";"-";"0";"";"0";"";"";"";"";"";"";"";"";"";"IW";"";"B";"220";"Wahr";"Falsch";"";"";"";"";"";"";"";"";"0";"";"0";"";"";"";"";"";"";"";"";""
"05";"TN";"B";"Bachelor";"Technische Redaktion und Kommunikation";"Technical Writing/Technical Communication";"184";"Erststudium Bachelor an Fachhochschulen";"1";"7";"0";"7";"Vollzeit / Dual";"218B";"-";"218B";"210";"0";"210";"B.Eng.";"";"B.Eng.";"B.Eng.";"";"B.Eng.";"Vorpraxis~0~6|---~0~|Praxissemester~5~18";"";"Vorpraxis~0~6|---~0~|Praxissemester~5~18";"IW";"T";"N";"220";"Wahr";"Wahr";"01.12.2020";"15.01.2021";"15.11.2020";"15.01.2021";"";"";"";"";"0";"0";"0";"";"";"";"";"";"";"https://w3-mediapool.hm.edu/media/dachmarke/dm_transfer/download_13/spo_6/spo_versionen/05_TNB_218_SPO.pdf";"";"https://w3-mediapool.hm.edu/media/dachmarke/dm_transfer/download_13/spo_6/spo_versionen/05_TNB_218_SPO.pdf"
"14";"TR";"B";"Bachelor";"Tourismus-Management";"Tourism Management";"184";"Erststudium Bachelor an Fachhochschulen";"1";"7";"0";"7";"Vollzeit / Dual";"218B";"-";"218B";"210";"0";"210";"B.A.";"";"B.A.";"B.A.";"";"B.A.";"---~0~|---~0~|Praxissemester~4~";"";"---~0~|---~0~|Praxissemester~4~";"IW";"W";"N";"220";"Wahr";"Wahr";"01.12.2020";"15.01.2021";"15.11.2020";"15.01.2021";"";"";"";"";"5";"0";"5";"";"";"";"Destination Management;Digital Marketing und Management;Hospitality Management;Mobility Management;Travel and Tourism Management";"";"Destination Management;Digital Marketing und Management;Hospitality Management;Mobility Management;Travel and Tourism Management";"https://w3-mediapool.hm.edu/media/dachmarke/dm_transfer/download_13/spo_6/spo_versionen/14_TRB_218_SPO.pdf";"";"https://w3-mediapool.hm.edu/media/dachmarke/dm_transfer/download_13/spo_6/spo_versionen/14_TRB_218_SPO.pdf"
"14";"TR";"M";"Master";"Tourismus-Management";"Tourism Management";"790";"Konsekutives Masterstudium Master an Fachhochschulen (Abschlussprüfung vorausgesetzt)";"1";"3";"0";"0";"Vollzeit";"113M";"-";"-";"90";"0";"0";"M.A.";"";"";"M.A.";"";"";"---~0~|---~0~|---~0~";"";"";"WW";"W";"N";"";"";"";"";"";"";"";"";"";"";"";"0";"0";"0";"";"";"";"";"";"";"https://w3-mediapool.hm.edu/media/dachmarke/dm_transfer/download_13/spo_6/spo_versionen/14_TRM_216_SPO.pdf";"";""
"10";"UB";"B";"Bachelor";"Betriebswirtschaftslehre und Unternehmensführung";"Business Management";"184";"Erststudium Bachelor an Fachhochschulen";"2";"0";"11";"0";"Teilzeit";"-";"220B";"-";"0";"210";"0";"";"";"";"";"";"";"";"---~0~|---~0~|---~0~";"";"WW";"W";"B";"220";"Wahr";"Wahr";"15.11.2020";"15.01.2021";"15.11.2020";"15.01.2021";"";"";"";"";"0";"0";"0";"";"";"";"";"";"";"";"";""
"10";"UF";"B";"Bachelor";"Unternehmensführung";"Business Management";"184";"Erststudium Bachelor an Fachhochschulen";"3";"7";"11";"11";"Vollzeit / Teilzeit / Dual";"";"";"";"";"";"";"";"";"";"";"";"";"";"";"";"WW";"W";"N";"";"";"";"";"";"";"";"";"";"";"";"";"";"";"";"";"";"";"";"";"";"";""
"05";"VF";"B";"Bachelor";"Papier- und Verpackungstechnik";"Paper and Packaging Technology";"184";"Erststudium Bachelor an Fachhochschulen";"1";"7";"0";"7";"Vollzeit / Dual";"";"-";"";"";"0";"";"";"";"";"";"";"";"";"";"";"IW";"T";"N";"";"";"";"";"";"";"";"";"";"";"";"";"0";"";"";"";"";"";"";"";"";"";""
"05";"VF";"M";"Master";"Verpackungstechnik";"Packaging Technology";"790";"Konsekutives Masterstudium Master an Fachhochschulen (Abschlussprüfung vorausgesetzt)";"1";"3";"0";"3";"Vollzeit / Dual";"118M";"-";"118M";"90";"0";"90";"M.Eng.";"";"M.Eng.";"M.Eng.";"";"M.Eng.";"---~0~|---~0~|---~0~";"";"---~0~|---~0~|---~0~";"IW";"T";"N";"220";"Wahr";"Falsch";"15.11.2020";"15.01.2021";"";"";"";"";"";"";"0";"0";"0";"";"";"";"";"";"";"https://w3-mediapool.hm.edu/media/dachmarke/dm_transfer/download_13/spo_6/spo_versionen/05_VFM_118_SPO.pdf";"";"https://w3-mediapool.hm.edu/media/dachmarke/dm_transfer/download_13/spo_6/spo_versionen/05_VFM_118_SPO.pdf"
"05";"VS";"B";"Bachelor";"Energie- und Gebäudetechnik";"Building Services Engineering";"184";"Erststudium Bachelor an Fachhochschulen";"1";"7";"0";"7";"Vollzeit / Dual";"210B";"-";"210B";"210";"0";"210";"B.Eng.";"";"B.Eng.";"B.Eng.";"";"B.Eng.";"---~0~|---~0~|Praxissemester~5~24";"";"---~0~|---~0~|Praxissemester~5~24";"IW";"T";"N";"220";"Falsch";"Wahr";"";"";"15.11.2020";"15.01.2021";"";"";"";"";"0";"0";"0";"";"";"";"";"";"";"https://w3-mediapool.hm.edu/media/dachmarke/dm_transfer/download_13/spo_6/spo_versionen/05_VSB_210_SPO.pdf";"";"https://w3-mediapool.hm.edu/media/dachmarke/dm_transfer/download_13/spo_6/spo_versionen/05_VSB_210_SPO.pdf"
"05";"VV";"B";"Bachelor";"Verpackungstechnik und Verfahrenstechnik Papier";"Packaging Technology and Paper Process Engingeering";"184";"Erststudium Bachelor an Fachhochschulen";"1";"7";"0";"7";"Vollzeit / Dual";"219B";"-";"219B";"210";"0";"210";"";"";"";"";"";"";"---~0~|---~0~|Praxissemester~5~18";"";"---~0~|---~0~|Praxissemester~5~18";"IW";"T";"N";"220";"Falsch";"Wahr";"";"";"15.11.2020";"15.01.2021";"";"";"";"";"0";"0";"0";"Verfahrenstechnik Papier und Biofasern;Verpackungstechnologie und Nachhaltigkeit";"";"Verfahrenstechnik Papier und Biofasern;Verpackungstechnologie und Nachhaltigkeit";"";"";"";"https://w3-mediapool.hm.edu/media/dachmarke/dm_transfer/download_13/spo_6/spo_versionen/05_VVB_219_SPO.pdf";"";"https://w3-mediapool.hm.edu/media/dachmarke/dm_transfer/download_13/spo_6/spo_versionen/05_VVB_219_SPO.pdf"
"09";"WI";"B";"Bachelor";"Wirtschaftsingenieurwesen";"Engineering and Management";"184";"Erststudium Bachelor an Fachhochschulen";"1";"7";"0";"7";"Vollzeit / Dual";"120B";"-";"120B";"210";"0";"210";"B.Eng.";"";"B.Eng.";"B.Eng.";"";"B.Eng.";"---~0~|Vorpraxis~0~10|Praxissemester~6~20";"";"---~0~|Vorpraxis~0~10|Praxissemester~6~20";"WW";"T";"N";"220";"Wahr";"Wahr";"01.12.2020";"15.01.2021";"15.11.2020";"15.01.2021";"";"";"";"";"0";"0";"0";"Bio- und Umwelttechnologie;Industrielle Technik;Informationstechnik";"";"Bio- und Umwelttechnologie;Industrielle Technik;Informationstechnik";"";"";"";"https://w3-mediapool.hm.edu/media/dachmarke/dm_transfer/download_13/spo_6/spo_versionen/09_WIB_120_SPO.pdf";"";"https://w3-mediapool.hm.edu/media/dachmarke/dm_transfer/download_13/spo_6/spo_versionen/09_WIB_120_SPO.pdf"
"09";"WI";"M";"Master";"Wirtschaftsingenieurwesen (konsekutiv)";"Engineering and Management";"790";"Konsekutives Masterstudium Master an Fachhochschulen (Abschlussprüfung vorausgesetzt)";"1";"3";"0";"3";"Vollzeit / Dual";"120M";"-";"120M";"90";"0";"90";"";"";"";"";"";"";"---~0~|---~0~|---~0~";"";"---~0~|---~0~|---~0~";"WW";"T";"N";"220";"Wahr";"Falsch";"15.11.2020";"15.01.2021";"";"";"";"";"";"";"0";"0";"0";"";"";"";"";"";"";"https://w3-mediapool.hm.edu/media/dachmarke/dm_transfer/download_13/spo_6/spo_versionen/09_WIM_120_SPO.pdf";"";"https://w3-mediapool.hm.edu/media/dachmarke/dm_transfer/download_13/spo_6/spo_versionen/09_WIM_120_SPO.pdf"
"09";"WW";"M";"Master";"Wirtschaftsingenieurwesen (Weiterbildung)";"Business Administration and Engineering";"690";"Weiterbildungsstudium Master an Fachhochschulen (Abschlussprüfung vorausgesetzt)";"2";"0";"5";"0";"Teilzeit";"-";"120M";"-";"0";"90";"0";"";"";"";"";"";"";"";"---~0~|---~0~|---~0~";"";"WW";"T";"B";"220";"Wahr";"Falsch";"15.11.2020";"15.01.2021";"";"";"";"";"";"";"0";"1";"0";"";"";"";"";"Zugangstyp Bauingenieurwesen;Zugangstyp Ingenieur- oder Naturwissenschaften;Zugangstyp Wirtschaftsingenieurwesen";"";"";"https://w3-mediapool.hm.edu/media/dachmarke/dm_transfer/download_13/spo_6/spo_versionen/09_WWM_120_SPO.pdf";""
"99";"ZA";"B";"Bachelor";"Sonderstudium";"";"494";"Ergänzungs-, Erweiterungs- und Zusatzstudium Abschlusszeugnis/Zertifikat";"1";"7";"0";"0";"Vollzeit";"";"-";"-";"";"0";"0";"";"";"";"";"";"";"";"";"";"";"";"N";"";"";"";"";"";"";"";"";"";"";"";"";"0";"0";"";"";"";"";"";"";"";"";""
"13";"ZD";"B";"Bachelor";"Interdisziplinäre Studien (Schwerpunkt Ingenieurwissenschaften)";"";"284";"Zweitstudium Bachelor an Fachhochschulen";"1";"7";"0";"0";"Vollzeit";"";"-";"-";"";"0";"0";"";"";"";"";"";"";"";"";"";"IW";"";"N";"";"";"";"";"";"";"";"";"";"";"";"";"0";"0";"";"";"";"";"";"";"";"";""
"";"";"";"";"";"";"";"";"";"";"";"";"";"";"";"";"";"";"";"";"";"";"";"";"";"";"";"";"";"";"";"";"";"";"";"";"";"";"";"";"";"";"";"";"";"";"";"";"";"";"";"";"";""